Workbook
Name Slicer_addiction_category: #N/A
Name Slicer_depression_label: #N/A
Name Slicer_sleep_categeory: #N/A

Sheet dataset
A1: age | B1: gender | C1: daily_social_media_hours | D1: platform_usage | E1: sleep_hours | F1: screen_time_before_sleep | G1: academic_performance | H1: physical_activity | I1: social_interaction_level | J1: stress_level | K1: anxiety_level | L1: addiction_level | M1: depression_label
A2: 14 | B2: male | C2: 7.9 | D2: Instagram | E2: 7.4 | F2: 2.9 | G2: 3.01 | H2: 1.5 | I2: low | J2: 2 | K2: 2 | L2: 1 | M2: 0
A3: 19 | B3: female | C3: 1.9 | D3: TikTok | E3: 8 | F3: 2.9 | G3: 3.22 | H3: 0.8 | I3: high | J3: 8 | K3: 1 | L3: 10 | M3: 0
A4: 17 | B4: female | C4: 1.3 | D4: Instagram | E4: 7.6 | F4: 0.5 | G4: 3.92 | H4: 0 | I4: high | J4: 2 | K4: 4 | L4: 2 | M4: 0
A5: 15 | B5: male | C5: 7.4 | D5: TikTok | E5: 6.9 | F5: 1.6 | G5: 3.48 | H5: 0.8 | I5: medium | J5: 1 | K5: 7 | L5: 9 | M5: 0
A6: 15 | B6: female | C6: 4.7 | D6: Both | E6: 4.9 | F6: 3 | G6: 2.37 | H6: 1.4 | I6: medium | J6: 3 | K6: 5 | L6: 2 | M6: 0
A7: 19 | B7: female | C7: 7.4 | D7: Both | E7: 4.4 | F7: 2.4 | G7: 2.63 | H7: 0.6 | I7: high | J7: 3 | K7: 5 | L7: 7 | M7: 0
A8: 18 | B8: female | C8: 2.5 | D8: Instagram | E8: 6.4 | F8: 2.4 | G8: 2.63 | H8: 0.7 | I8: low | J8: 2 | K8: 2 | L8: 5 | M8: 0
A9: 16 | B9: male | C9: 4 | D9: Both | E9: 4.2 | F9: 0.5 | G9: 2.4 | H9: 1.3 | I9: low | J9: 6 | K9: 10 | L9: 5 | M9: 0
A10: 19 | B10: female | C10: 3.3 | D10: TikTok | E10: 5 | F10: 2.1 | G10: 2.04 | H10: 0.9 | I10: high | J10: 1 | K10: 10 | L10: 9 | M10: 0
A11: 15 | B11: male | C11: 1.9 | D11: TikTok | E11: 4.9 | F11: 1.5 | G11: 3.77 | H11: 1.1 | I11: high | J11: 1 | K11: 1 | L11: 4 | M11: 0
A12: 16 | B12: male | C12: 7.2 | D12: Both | E12: 5.8 | F12: 2.9 | G12: 3.16 | H12: 1.2 | I12: medium | J12: 5 | K12: 8 | L12: 9 | M12: 0
A13: 13 | B13: male | C13: 4.9 | D13: Instagram | E13: 4.7 | F13: 2.5 | G13: 3.92 | H13: 1.2 | I13: low | J13: 1 | K13: 10 | L13: 8 | M13: 0
... A1201: 16 | B1201: female | C1201: 4.7 | D1201: TikTok | E1201: 6.5 | F1201: 1 | G1201: 2.91 | H1201: 0.9 | I1201: medium | J1201: 5 | K1201: 7 | L1201: 3 | M1201: 0

Sheet working sheet
A1: age | B1: gender | C1: daily_social_media_hours | D1: platform_usage | E1: sleep_hours | F1: screen_time_before_sleep | G1: academic_performance | H1: physical_activity | I1: social_interaction_level | J1: stress_level | K1: anxiety_level | L1: addiction_level | M1: depression_label | N1: age group | O1: sleep categeory | P1: addiction category
A2: 14 | B2: male | D2: Instagram | E2: 7.4 | F2: 2.9 | G2: 3.01 | H2: 1.5 | I2: low | J2: 2 | K2: 2 | L2: 1 | M2: 0 | N2: =IF(A2<=15,"13-15","16-19") -> 13-15 | O2: =IF(E2<=6,"low sleep","healthy sleep") -> healthy sleep | P2: {=_xlfn.IFS(L2<=3,"low",L2<=6,"medium",L2>=7,"high")} -> low
A3: 19 | B3: female | C3: 1.9 | D3: TikTok | E3: 8 | F3: 2.9 | G3: 3.22 | H3: 0.8 | I3: high | J3: 8 | K3: 1 | L3: 10 | M3: 0 | N3: =IF(A3<=15,"13-15","16-19") -> 16-19 | O3: =IF(E3<=6,"low sleep","healthy sleep") -> healthy sleep | P3: {=_xlfn.IFS(L3<=3,"low",L3<=6,"medium",L3>=7,"high")} -> high
A4: 17 | B4: female | C4: 1.3 | D4: Instagram | E4: 7.6 | F4: 0.5 | G4: 3.92 | H4: 0 | I4: high | J4: 2 | K4: 4 | L4: 2 | M4: 0 | N4: =IF(A4<=15,"13-15","16-19") -> 16-19 | O4: =IF(E4<=6,"low sleep","healthy sleep") -> healthy sleep | P4: {=_xlfn.IFS(L4<=3,"low",L4<=6,"medium",L4>=7,"high")} -> low
A5: 15 | B5: male | C5: 7.4 | D5: TikTok | E5: 6.9 | F5: 1.6 | G5: 3.48 | H5: 0.8 | I5: medium | J5: 1 | K5: 7 | L5: 9 | M5: 0 | N5: =IF(A5<=15,"13-15","16-19") -> 13-15 | O5: =IF(E5<=6,"low sleep","healthy sleep") -> healthy sleep | P5: {=_xlfn.IFS(L5<=3,"low",L5<=6,"medium",L5>=7,"high")} -> high
A6: 15 | B6: female | C6: 4.7 | D6: Both | E6: 4.9 | F6: 3 | G6: 2.37 | H6: 1.4 | I6: medium | J6: 3 | K6: 5 | L6: 2 | M6: 0 | N6: =IF(A6<=15,"13-15","16-19") -> 13-15 | O6: =IF(E6<=6,"low sleep","healthy sleep") -> low sleep | P6: {=_xlfn.IFS(L6<=3,"low",L6<=6,"medium",L6>=7,"high")} -> low
A7: 19 | B7: female | C7: 7.4 | D7: Both | E7: 4.4 | F7: 2.4 | G7: 2.63 | H7: 0.6 | I7: high | J7: 3 | K7: 5 | L7: 7 | M7: 0 | N7: =IF(A7<=15,"13-15","16-19") -> 16-19 | O7: =IF(E7<=6,"low sleep","healthy sleep") -> low sleep | P7: {=_xlfn.IFS(L7<=3,"low",L7<=6,"medium",L7>=7,"high")} -> high
A8: 18 | B8: female | C8: 2.5 | D8: Instagram | E8: 6.4 | F8: 2.4 | G8: 2.63 | H8: 0.7 | I8: low | J8: 2 | K8: 2 | L8: 5 | M8: 0 | N8: =IF(A8<=15,"13-15","16-19") -> 16-19 | O8: =IF(E8<=6,"low sleep","healthy sleep") -> healthy sleep | P8: {=_xlfn.IFS(L8<=3,"low",L8<=6,"medium",L8>=7,"high")} -> medium
A9: 16 | B9: male | C9: 4 | D9: Both | E9: 4.2 | F9: 0.5 | G9: 2.4 | H9: 1.3 | I9: low | J9: 6 | K9: 10 | L9: 5 | M9: 0 | N9: =IF(A9<=15,"13-15","16-19") -> 16-19 | O9: =IF(E9<=6,"low sleep","healthy sleep") -> low sleep | P9: {=_xlfn.IFS(L9<=3,"low",L9<=6,"medium",L9>=7,"high")} -> medium
A10: 19 | B10: female | C10: 3.3 | D10: TikTok | E10: 5 | F10: 2.1 | G10: 2.04 | H10: 0.9 | I10: high | J10: 1 | K10: 10 | L10: 9 | M10: 0 | N10: =IF(A10<=15,"13-15","16-19") -> 16-19 | O10: =IF(E10<=6,"low sleep","healthy sleep") -> low sleep | P10: {=_xlfn.IFS(L10<=3,"low",L10<=6,"medium",L10>=7,"high")} -> high
A11: 15 | B11: male | C11: 1.9 | D11: TikTok | E11: 4.9 | F11: 1.5 | G11: 3.77 | H11: 1.1 | I11: high | J11: 1 | K11: 1 | L11: 4 | M11: 0 | N11: =IF(A11<=15,"13-15","16-19") -> 13-15 | O11: =IF(E11<=6,"low sleep","healthy sleep") -> low sleep | P11: {=_xlfn.IFS(L11<=3,"low",L11<=6,"medium",L11>=7,"high")} -> medium
A12: 16 | B12: male | C12: 7.2 | D12: Both | E12: 5.8 | F12: 2.9 | G12: 3.16 | H12: 1.2 | I12: medium | J12: 5 | K12: 8 | L12: 9 | M12: 0 | N12: =IF(A12<=15,"13-15","16-19") -> 16-19 | O12: =IF(E12<=6,"low sleep","healthy sleep") -> low sleep | P12: {=_xlfn.IFS(L12<=3,"low",L12<=6,"medium",L12>=7,"high")} -> high
A13: 13 | B13: male | C13: 4.9 | D13: Instagram | E13: 4.7 | F13: 2.5 | G13: 3.92 | H13: 1.2 | I13: low | J13: 1 | K13: 10 | L13: 8 | M13: 0 | N13: =IF(A13<=15,"13-15","16-19") -> 13-15 | O13: =IF(E13<=6,"low sleep","healthy sleep") -> low sleep | P13: {=_xlfn.IFS(L13<=3,"low",L13<=6,"medium",L13>=7,"high")} -> high
A14: 16 | B14: male | C14: 6.2 | D14: Both | E14: 7.2 | F14: 2.6 | G14: 2.02 | H14: 1.7 | I14: medium | J14: 5 | K14: 7 | L14: 6 | M14: 0 | N14: =IF(A14<=15,"13-15","16-19") -> 16-19 | O14: =IF(E14<=6,"low sleep","healthy sleep") -> healthy sleep | P14: {=_xlfn.IFS(L14<=3,"low",L14<=6,"medium",L14>=7,"high")} -> medium
... A1201: 16 | B1201: female | C1201: 4.7 | D1201: TikTok | E1201: 6.5 | F1201: 1 | G1201: 2.91 | H1201: 0.9 | I1201: medium | J1201: 5 | K1201: 7 | L1201: 3 | M1201: 0 | N1201: =IF(A1201<=15,"13-15","16-19") -> 16-19 | O1201: =IF(E1201<=6,"low sleep","healthy sleep") -> healthy sleep | P1201: {=_xlfn.IFS(L1201<=3,"low",L1201<=6,"medium",L1201>=7,"high")} -> low

Sheet KPI
A1: KPI | C1: total students | D1: total depressed student | E1: DEPRESSION RATE | F1: AVERAGE SLEEP HOUR | G1: AVERAGE SOCILA MEDIA HOUR | H1: AVERAGE STRESS LEVEL
A2: TOTAL STUDENTS | C2: =COUNT('working sheet'!A1:A1201) -> 1200 | D2: =COUNTIF('working sheet'!M2:M1201,1) -> 31 | E2: =D2/C2 -> 0.025833333 | F2: =AVERAGEA('working sheet'!E1:E1201) -> 6.4440466 | G2: =AVERAGE('working sheet'!C:C) -> 4.5338616 | H2: =AVERAGE('working sheet'!J:J) -> 5.4458333
A3: TOTAL DEPRESSED STUDENT | F3: =TEXT(F2,"0.00")&"hrs" -> 6.44hrs | G3: =TEXT(G2,"0.00")&"hrs" -> 4.53hrs
A4: DEPRESSION RATE
A5: AVERAGE SLEEP HOUR
A6: AVERAGE SOCILA MEDIA HOUR
A7: AVERAGE STRESS LEVEL

Sheet pivot table
A3: gender | B3: Sum of depression_label
A4: female | B4: 17
A5: male | B5: 14
A6: Grand Total | B6: 31
A14: Count of age group | B14: age group
A15: platform_usage | B15: 13-15 | C15: 16-19 | D15: Grand Total
A16: Both | B16: 171 | C16: 220 | D16: 391
A17: Instagram | B17: 192 | C17: 219 | D17: 411
A18: TikTok | B18: 170 | C18: 228 | D18: 398
A19: Grand Total | B19: 533 | C19: 667 | D19: 1200
A28: age group | B28: Sum of depression_label
A29: 13-15 | B29: 15
A30: 16-19 | B30: 16
A31: Grand Total | B31: 31
A37: addiction category | B37: Sum of depression_label
A38: high | B38: 10
A39: low | B39: 11
A40: medium | B40: 10
A41: Grand Total | B41: 31
A48: Sum of depression_label | B48: gender
A49: social_interaction_level | B49: female | C49: male | D49: Grand Total
A50: high | B50: 6 | C50: 4 | D50: 10
A51: low | B51: 6 | C51: 3 | D51: 9
A52: medium | B52: 5 | C52: 7 | D52: 12
A53: Grand Total | B53: 17 | C53: 14 | D53: 31

Sheet dashboard
